category,mapped_label,mapped_slug
Collaboration,,
Writing,,
Virtual Teams,,
Friends,,
Books,,
Business,,
Networks and Networking,,
Family,,
Blogs,,
"90% people, 10% technology",,
Health,,
Food and Drink,,
Internet/web,,
Technology,,
Web/Tech,,
Art,,
Web 2.0,,
Telecommuting,,
Education,,
Me,,
Uncategorized,,
Jeff Stamps,,
Travel,,
Government,,
Women,,
Inspiration,,
OrgScope,,
Fuller Family,,
Transparency,,
Death and dying,,
Obama,,
Economy,,
Politics,,
Leadership,,
Boston,,
Margaret Fuller Bicentennial,,
Social networking,,
Environment,,
Roland Merullo,,
Science,,
New York,,
Obits,,
Hospitals,,
"Newton, Mass, USA",,
Current Affairs,,
Research,,
Complexity,,
Gardening,,
Holidays,,
Publishing,,
Email,,
Transition,,
Green Teams,,
Newspapers,,
Knowledge management,,
Recipes,,
Weather,,
Courage,,
Pancreatic cancer,,
Solstice Creative Writing Program,,
Antioch,,
Energy,,
Lake and Finn,,
Twitter,,
Fiction Book Club,,
Innovation,,
MS,,
1968,,
Goodman Family,,
Music,,
Nature,,
Animals,,
Cell phones,,
Ron Currie Jr,,
Communities of practice,,
Office of Financial Stability,,
Reorganization,,
Facebook,,
Photography,,
Farmers' Market,,
Yoga,,
Apple,,
Buddhism,,
Generosity,,
Humor,,
Sports,,
philosophy,,
War,,
Coincidences,,
Enterprise 2.0 2008,,
Enterprise 2.0 2009,,
Journalism,,
Poetry,,
NACD,,
NetAge,,
Vermont,,
engage with grace,,
Enterprise 2.0 2007,,
Film,,
Language,,
Planet Earth,,
Religion,,
Taste,,
Theatre,,
Verizon,,
Volunteers,,
Corporate governance,,
Regulation,,
Television,,
Bear Island,,
Clients,,
Consulting,,
Governance,,
Knitting,,
Miracles,,
Storytelling,,
violence,,
A Dangerous Experiment,,
Australia,,
Benjamin,,
Crowdsourcing,,
Egypt,,
Freedom House,,
Marissa Mayer,,
Virtual reality,,
Zoetrope,,
Design,,
Dogs,,
Games,,
Japan,,
Privacy,,
Radio,,
Recreation,,
Social bookmarking,,
Texting,,
9/11,,
BP disaster,,
Brooklyn,,
Climate change,,
Fashion,,
Haiti,,
Horses,,
Jobs,,
Patriots' Day,,
Philanthropy,,
"Pottstown, PA",,
Romance,,
STEM,,
Social media,,
Suicide,,
TED,,
Telepresence,,
Ada Lovelace Day,,
Annie,,
Fire,,
Fox,,
Hurricane Sandy,,
Interviews,,
Jargon,,
Movies,,
Mumbai,,
NOLA,,
Nepal,,
Newtown,,
Occupy movement,,
Outsourcing,,
Robots,,
Super Bowl 2013,,
Superstorm Sandy,,
Sylvia Nasar,,
Teams,,
Wolfram Alpha,,
